{,},if,(,),else,print,;,println,while,break,continue,identifier,=,|,&,!,>,<,+,-,*,/,%,value,$,S,Statements,Block,Statement,IfStatement,ElseBlock,PrintStatement,WhileStatement,BreakStatement,ContinueStatement,ExpressionStatement,Assignment,EmptyStatement,Expression,Or,And,Equals,NotEquals,GreaterThan,LessThan,Add,Sub,Mul,Div,Mod,Unary,Parenthesed,Negate,Atom
,,S28,S29,,,S30,S31,S32,S33,S34,S35,S36,,,,,,,,S37,,,,S38,R27 0,G1,G2,,G3,G4,,G5,G6,G7,G8,G9,G10,G11,G12,G13,G14,G15,G16,G17,G18,G19,G20,G21,G22,G23,G24,G25,G26,G27
,,,,,,,,,,,,,,,,,,,,,,,,,A
,,,,,,,,,,,,,,,,,,,,,,,,,R26 1
,,S28,S29,,,S30,S31,S32,S33,S34,S35,S36,,,,,,,,S37,,,,S38,R27 0,,G39,,G3,G4,,G5,G6,G7,G8,G9,G10,G11,G12,G13,G14,G15,G16,G17,G18,G19,G20,G21,G22,G23,G24,G25,G26,G27
,R29 1,R29 1,R29 1,,R29 1,R29 1,R29 1,R29 1,R29 1,R29 1,R29 1,R29 1,,,,,,,,R29 1,,,,R29 1,R29 1
,R29 1,R29 1,R29 1,,R29 1,R29 1,R29 1,R29 1,R29 1,R29 1,R29 1,R29 1,,,,,,,,R29 1,,,,R29 1,R29 1
,R29 1,R29 1,R29 1,,R29 1,R29 1,R29 1,R29 1,R29 1,R29 1,R29 1,R29 1,,,,,,,,R29 1,,,,R29 1,R29 1
,R29 1,R29 1,R29 1,,R29 1,R29 1,R29 1,R29 1,R29 1,R29 1,R29 1,R29 1,,,,,,,,R29 1,,,,R29 1,R29 1
,R29 1,R29 1,R29 1,,R29 1,R29 1,R29 1,R29 1,R29 1,R29 1,R29 1,R29 1,,,,,,,,R29 1,,,,R29 1,R29 1
,R29 1,R29 1,R29 1,,R29 1,R29 1,R29 1,R29 1,R29 1,R29 1,R29 1,R29 1,,,,,,,,R29 1,,,,R29 1,R29 1
,R29 1,R29 1,R29 1,,R29 1,R29 1,R29 1,R29 1,R29 1,R29 1,R29 1,R29 1,,,,,,,,R29 1,,,,R29 1,R29 1
,R29 1,R29 1,R29 1,,R29 1,R29 1,R29 1,R29 1,R29 1,R29 1,R29 1,R29 1,,,,,,,,R29 1,,,,R29 1,R29 1
,,,,,,,S40
,,,,,,,R39 1,,,,,,,S41
,,,,,,,R40 1,,,,,,,R40 1,S42
,,,,,,,R41 1,,,,,,S43,R41 1,R41 1
,,,,,,,R42 1,,,,,,R42 1,R42 1,R42 1,S44
,,,,,,,R43 1,,,,,,R43 1,R43 1,R43 1,R43 1,S45
,,,,,,,R44 1,,,,,,R44 1,R44 1,R44 1,R44 1,R44 1,S46
,,,,,,,R45 1,,,,,,R45 1,R45 1,R45 1,R45 1,R45 1,R45 1,S47
,,,,,,,R46 1,,,,,,R46 1,R46 1,R46 1,R46 1,R46 1,R46 1,R46 1,S48
,,,,,,,R47 1,,,,,,R47 1,R47 1,R47 1,R47 1,R47 1,R47 1,R47 1,R47 1,S49
,,,,,,,R48 1,,,,,,R48 1,R48 1,R48 1,R48 1,R48 1,R48 1,R48 1,R48 1,R48 1,S50
,,,,,,,R49 1,,,,,,R49 1,R49 1,R49 1,R49 1,R49 1,R49 1,R49 1,R49 1,R49 1,R49 1,S51
,,,,R50 1,,,R50 1,,,,,,R50 1,R50 1,R50 1,R50 1,R50 1,R50 1,R50 1,R50 1,R50 1,R50 1,R50 1
,,,,R51 1,,,R51 1,,,,,,R51 1,R51 1,R51 1,R51 1,R51 1,R51 1,R51 1,R51 1,R51 1,R51 1,R51 1
,,,,R51 1,,,R51 1,,,,,,R51 1,R51 1,R51 1,R51 1,R51 1,R51 1,R51 1,R51 1,R51 1,R51 1,R51 1
,,,,R51 1,,,R51 1,,,,,,R51 1,R51 1,R51 1,R51 1,R51 1,R51 1,R51 1,R51 1,R51 1,R51 1,R51 1
,,,S52
,,,S65,,,,,,,,,S66,,,,,,,,S67,,,,S38,,,,,,,,,,,,,,,G53,G54,G55,G56,G57,G58,G59,G60,G61,G62,G63,G64,G24,G25,G26,G27
,,,S29,,,,,,,,,S66,,,,,,,,S37,,,,S38,,,,,,,,,,,,,,,G68,G13,G14,G15,G16,G17,G18,G19,G20,G21,G22,G23,G24,G25,G26,G27
,R38 1,R38 1,R38 1,,R38 1,R38 1,R38 1,R38 1,R38 1,R38 1,R38 1,R38 1,,,,,,,,R38 1,,,,R38 1,R38 1
,,,S29,,,,,,,,,S66,,,,,,,,S37,,,,S38,,,,,,,,,,,,,,,G69,G13,G14,G15,G16,G17,G18,G19,G20,G21,G22,G23,G24,G25,G26,G27
,,,S70
,,,,,,,S71
,,,,,,,S72
,,,,,,,R54 1,,,,,,S73,R54 1,R54 1,R54 1,R54 1,R54 1,R54 1,R54 1,R54 1,R54 1,R54 1
,,,S29,,,,,,,,,S66,,,,,,,,S37,,,,S38,,,,,,,,,,,,,,,,,,,,,,,,,,,G74,G25,G26,G27
,,,,R54 1,,,R54 1,,,,,,R54 1,R54 1,R54 1,R54 1,R54 1,R54 1,R54 1,R54 1,R54 1,R54 1,R54 1
,R27 2,,,,,,,,,,,,,,,,,,,,,,,,R27 2
,R36 2,R36 2,R36 2,,R36 2,R36 2,R36 2,R36 2,R36 2,R36 2,R36 2,R36 2,,,,,,,,R36 2,,,,R36 2,R36 2
,,,,,,,,,,,,,,S75
,,,,,,,,,,,,,,,S76
,,,,,,,,,,,,,S77
,,,,,,,,,,,,,S78
,,,S29,,,,,,,,,S66,S80,,,,,,,S37,,,,S38,,,,,,,,,,,,,,,,,,,,,G79,G19,G20,G21,G22,G23,G24,G25,G26,G27
,,,S29,,,,,,,,,S66,S86,,,,,,,S37,,,,S38,,,,,,,,,,,,,,,,,G81,G82,G83,G84,G85,G19,G20,G21,G22,G23,G24,G25,G26,G27
,,,S29,,,,,,,,,S66,,,,,,,,S37,,,,S38,,,,,,,,,,,,,,,,,,,,,,,G87,G21,G22,G23,G24,G25,G26,G27
,,,S29,,,,,,,,,S66,,,,,,,,S37,,,,S38,,,,,,,,,,,,,,,,,,,,,,,,G88,G22,G23,G24,G25,G26,G27
,,,S29,,,,,,,,,S66,,,,,,,,S37,,,,S38,,,,,,,,,,,,,,,,,,,,,,,,,G89,G23,G24,G25,G26,G27
,,,S29,,,,,,,,,S66,,,,,,,,S37,,,,S38,,,,,,,,,,,,,,,,,,,,,,,,,,G90,G24,G25,G26,G27
,,,S29,,,,,,,,,S66,,,,,,,,S37,,,,S38,,,,,,,,,,,,,,,,,,,,,,,,,,,G91,G25,G26,G27
,,,S65,,,,,,,,,S66,,,,,,,,S67,,,,S38,,,,,,,,,,,,,,,G92,G54,G55,G56,G57,G58,G59,G60,G61,G62,G63,G64,G24,G25,G26,G27
,,,,S93
,,,,R39 1,,,,,,,,,,S94
,,,,R40 1,,,,,,,,,,R40 1,S95
,,,,R41 1,,,,,,,,,S96,R41 1,R41 1
,,,,R42 1,,,,,,,,,R42 1,R42 1,R42 1,S97
,,,,R43 1,,,,,,,,,R43 1,R43 1,R43 1,R43 1,S98
,,,,R44 1,,,,,,,,,R44 1,R44 1,R44 1,R44 1,R44 1,S99
,,,,R45 1,,,,,,,,,R45 1,R45 1,R45 1,R45 1,R45 1,R45 1,S100
,,,,R46 1,,,,,,,,,R46 1,R46 1,R46 1,R46 1,R46 1,R46 1,R46 1,S101
,,,,R47 1,,,,,,,,,R47 1,R47 1,R47 1,R47 1,R47 1,R47 1,R47 1,R47 1,S102
,,,,R48 1,,,,,,,,,R48 1,R48 1,R48 1,R48 1,R48 1,R48 1,R48 1,R48 1,R48 1,S103
,,,,R49 1,,,,,,,,,R49 1,R49 1,R49 1,R49 1,R49 1,R49 1,R49 1,R49 1,R49 1,R49 1,S104
,,,S65,,,,,,,,,S66,,,,,,,,S67,,,,S38,,,,,,,,,,,,,,,G105,G54,G55,G56,G57,G58,G59,G60,G61,G62,G63,G64,G24,G25,G26,G27
,,,,R54 1,,,R54 1,,,,,,R54 1,R54 1,R54 1,R54 1,R54 1,R54 1,R54 1,R54 1,R54 1,R54 1,R54 1
,,,S65,,,,,,,,,S66,,,,,,,,S67,,,,S38,,,,,,,,,,,,,,,,,,,,,,,,,,,G74,G25,G26,G27
,,,,,,,S106
,,,,,,,S107
,,,S65,,,,,,,,,S66,,,,,,,,S67,,,,S38,,,,,,,,,,,,,,,G108,G54,G55,G56,G57,G58,G59,G60,G61,G62,G63,G64,G24,G25,G26,G27
,R34 2,R34 2,R34 2,,R34 2,R34 2,R34 2,R34 2,R34 2,R34 2,R34 2,R34 2,,,,,,,,R34 2,,,,R34 2,R34 2
,R35 2,R35 2,R35 2,,R35 2,R35 2,R35 2,R35 2,R35 2,R35 2,R35 2,R35 2,,,,,,,,R35 2,,,,R35 2,R35 2
,,,S29,,,,,,,,,S66,,,,,,,,S37,,,,S38,,,,,,,,,,,,,,,G109,G13,G14,G15,G16,G17,G18,G19,G20,G21,G22,G23,G24,G25,G26,G27
,,,,R53 2,,,R53 2,,,,,,R53 2,R53 2,R53 2,R53 2,R53 2,R53 2,R53 2,R53 2,R53 2,R53 2,R53 2
,,,S29,,,,,,,,,S66,,,,,,,,S37,,,,S38,,,,,,,,,,,,,,,,,G110,G15,G16,G17,G18,G19,G20,G21,G22,G23,G24,G25,G26,G27
,,,S29,,,,,,,,,S66,,,,,,,,S37,,,,S38,,,,,,,,,,,,,,,,,,G111,G16,G17,G18,G19,G20,G21,G22,G23,G24,G25,G26,G27
,,,S29,,,,,,,,,S66,,,,,,,,S37,,,,S38,,,,,,,,,,,,,,,,,,,G112,G17,G18,G19,G20,G21,G22,G23,G24,G25,G26,G27
,,,S29,,,,,,,,,S66,,,,,,,,S37,,,,S38,,,,,,,,,,,,,,,,,,,,G113,G18,G19,G20,G21,G22,G23,G24,G25,G26,G27
,,,,,,,R44 3,,,,,,R44 3,R44 3,R44 3,R44 3,R44 3,S46
,,,S29,,,,,,,,,S66,,,,,,,,S37,,,,S38,,,,,,,,,,,,,,,,,,,,,G114,G19,G20,G21,G22,G23,G24,G25,G26,G27
,,,,,,,R45 3,,,,,,R45 3,R45 3,S115,R45 3,R45 3,R45 3
,,,,,,,R41 1,,,,,,S116,R41 1,R41 1,R41 1,R41 1,R41 1
,,,,,,,R42 1,,,,,,R42 1,R42 1,R42 1,S117,R42 1,R42 1
,,,,,,,R43 1,,,,,,R43 1,R43 1,R43 1,R43 1,S118,R43 1
,,,,,,,R44 1,,,,,,R44 1,R44 1,R44 1,R44 1,R44 1,S46
,,,S29,,,,,,,,,S66,,,,,,,,S37,,,,S38,,,,,,,,,,,,,,,,,,,,,,G119,G20,G21,G22,G23,G24,G25,G26,G27
,,,,,,,R46 3,,,,,,R46 3,R46 3,R46 3,R46 3,R46 3,R46 3,R46 3,S48
,,,,,,,R47 3,,,,,,R47 3,R47 3,R47 3,R47 3,R47 3,R47 3,R47 3,R47 3,S49
,,,,,,,R48 3,,,,,,R48 3,R48 3,R48 3,R48 3,R48 3,R48 3,R48 3,R48 3,R48 3,S50
,,,,,,,R49 3,,,,,,R49 3,R49 3,R49 3,R49 3,R49 3,R49 3,R49 3,R49 3,R49 3,R49 3,S51
,,,,R50 3,,,R50 3,,,,,,R50 3,R50 3,R50 3,R50 3,R50 3,R50 3,R50 3,R50 3,R50 3,R50 3,R50 3
,,,,S120
,,,,R52 3,,,R52 3,,,,,,R52 3,R52 3,R52 3,R52 3,R52 3,R52 3,R52 3,R52 3,R52 3,R52 3,R52 3
,,,,,,,,,,,,,,S121
,,,,,,,,,,,,,,,S122
,,,,,,,,,,,,,S123
,,,,,,,,,,,,,S124
,,,S65,,,,,,,,,S66,S126,,,,,,,S67,,,,S38,,,,,,,,,,,,,,,,,,,,,G125,G60,G61,G62,G63,G64,G24,G25,G26,G27
,,,S65,,,,,,,,,S66,S132,,,,,,,S67,,,,S38,,,,,,,,,,,,,,,,,G127,G128,G129,G130,G131,G60,G61,G62,G63,G64,G24,G25,G26,G27
,,,S65,,,,,,,,,S66,,,,,,,,S67,,,,S38,,,,,,,,,,,,,,,,,,,,,,,G133,G62,G63,G64,G24,G25,G26,G27
,,,S65,,,,,,,,,S66,,,,,,,,S67,,,,S38,,,,,,,,,,,,,,,,,,,,,,,,G134,G63,G64,G24,G25,G26,G27
,,,S65,,,,,,,,,S66,,,,,,,,S67,,,,S38,,,,,,,,,,,,,,,,,,,,,,,,,G135,G64,G24,G25,G26,G27
,,,S65,,,,,,,,,S66,,,,,,,,S67,,,,S38,,,,,,,,,,,,,,,,,,,,,,,,,,G136,G24,G25,G26,G27
,,,S65,,,,,,,,,S66,,,,,,,,S67,,,,S38,,,,,,,,,,,,,,,,,,,,,,,,,,,G91,G25,G26,G27
,,,,S93
,R32 3,R32 3,R32 3,,R32 3,R32 3,R32 3,R32 3,R32 3,R32 3,R32 3,R32 3,,,,,,,,R32 3,,,,R32 3,R32 3
,R32 3,R32 3,R32 3,,R32 3,R32 3,R32 3,R32 3,R32 3,R32 3,R32 3,R32 3,,,,,,,,R32 3,,,,R32 3,R32 3
,,,,S137
,,,,,,,S138
,,,,,,,R40 4,,,,,,,R40 4,S42
,,,,,,,R41 4,,,,,,S43,R41 4,R41 4
,,,,,,,R42 4,,,,,,R42 4,R42 4,R42 4,S44
,,,,,,,R43 4,,,,,,R43 4,R43 4,R43 4,R43 4,S45
,,,,,,,R44 4,,,,,,R44 4,R44 4,R44 4,R44 4,R44 4,S46
,,,,,,,,,,,,,,,S139
,,,,,,,,,,,,,S140
,,,,,,,,,,,,,S141
,,,S29,,,,,,,,,S66,S143,,,,,,,S37,,,,S38,,,,,,,,,,,,,,,,,,,,,G142,G19,G20,G21,G22,G23,G24,G25,G26,G27
,,,,,,,R45 4,,,,,,R45 4,R45 4,R45 4,R45 4,R45 4,R45 4,S47
S147,,S148,S29,,,S149,S31,S150,S151,S152,S153,S154,,,,,,,,S37,,,,S38,,,,G144,G145,G4,,G5,G6,G7,G8,G9,G10,G11,G146,G13,G14,G15,G16,G17,G18,G19,G20,G21,G22,G23,G24,G25,G26,G27
,,,S65,,,,,,,,,S66,,,,,,,,S67,,,,S38,,,,,,,,,,,,,,,,,G155,G56,G57,G58,G59,G60,G61,G62,G63,G64,G24,G25,G26,G27
,,,S65,,,,,,,,,S66,,,,,,,,S67,,,,S38,,,,,,,,,,,,,,,,,,G156,G57,G58,G59,G60,G61,G62,G63,G64,G24,G25,G26,G27
,,,S65,,,,,,,,,S66,,,,,,,,S67,,,,S38,,,,,,,,,,,,,,,,,,,G157,G58,G59,G60,G61,G62,G63,G64,G24,G25,G26,G27
,,,S65,,,,,,,,,S66,,,,,,,,S67,,,,S38,,,,,,,,,,,,,,,,,,,,G158,G59,G60,G61,G62,G63,G64,G24,G25,G26,G27
,,,,R44 3,,,,,,,,,R44 3,R44 3,R44 3,R44 3,R44 3,S99
,,,S65,,,,,,,,,S66,,,,,,,,S67,,,,S38,,,,,,,,,,,,,,,,,,,,,G159,G60,G61,G62,G63,G64,G24,G25,G26,G27
,,,,R45 3,,,,,,,,,R45 3,R45 3,S160,R45 3,R45 3,R45 3
,,,,R41 1,,,,,,,,,S161,R41 1,R41 1,R41 1,R41 1,R41 1
,,,,R42 1,,,,,,,,,R42 1,R42 1,R42 1,S162,R42 1,R42 1
,,,,R43 1,,,,,,,,,R43 1,R43 1,R43 1,R43 1,S163,R43 1
,,,,R44 1,,,,,,,,,R44 1,R44 1,R44 1,R44 1,R44 1,S99
,,,S65,,,,,,,,,S66,,,,,,,,S67,,,,S38,,,,,,,,,,,,,,,,,,,,,,G164,G61,G62,G63,G64,G24,G25,G26,G27
,,,,R46 3,,,,,,,,,R46 3,R46 3,R46 3,R46 3,R46 3,R46 3,R46 3,S101
,,,,R47 3,,,,,,,,,R47 3,R47 3,R47 3,R47 3,R47 3,R47 3,R47 3,R47 3,S102
,,,,R48 3,,,,,,,,,R48 3,R48 3,R48 3,R48 3,R48 3,R48 3,R48 3,R48 3,R48 3,S103
,,,,R49 3,,,,,,,,,R49 3,R49 3,R49 3,R49 3,R49 3,R49 3,R49 3,R49 3,R49 3,R49 3,S104
S166,,S28,S29,,,S30,S31,S32,S33,S34,S35,S36,,,,,,,,S37,,,,S38,,,,G165,G145,G4,,G5,G6,G7,G8,G9,G10,G11,G12,G13,G14,G15,G16,G17,G18,G19,G20,G21,G22,G23,G24,G25,G26,G27
,R37 4,R37 4,R37 4,,R37 4,R37 4,R37 4,R37 4,R37 4,R37 4,R37 4,R37 4,,,,,,,,R37 4,,,,R37 4,R37 4
,,,S29,,,,,,,,,S66,,,,,,,,S37,,,,S38,,,,,,,,,,,,,,,,,,G167,G83,G84,G85,G19,G20,G21,G22,G23,G24,G25,G26,G27
,,,S29,,,,,,,,,S66,,,,,,,,S37,,,,S38,,,,,,,,,,,,,,,,,,,G168,G84,G85,G19,G20,G21,G22,G23,G24,G25,G26,G27
,,,S29,,,,,,,,,S66,,,,,,,,S37,,,,S38,,,,,,,,,,,,,,,,,,,,G169,G85,G19,G20,G21,G22,G23,G24,G25,G26,G27
,,,,,,,R44 3,,,,,,R44 3,R44 3,R44 3,R44 3,R44 3,S46
,,,S29,,,,,,,,,S66,,,,,,,,S37,,,,S38,,,,,,,,,,,,,,,,,,,,,G170,G19,G20,G21,G22,G23,G24,G25,G26,G27
,,R31 0,R31 0,,S172,R31 0,R31 0,R31 0,R31 0,R31 0,R31 0,R31 0,,,,,,,,R31 0,,,,R31 0,R31 0,,,,,,G171
,R28 1,R28 1,R28 1,,R28 1,R28 1,R28 1,R28 1,R28 1,R28 1,R28 1,R28 1,,,,,,,,R28 1,,,,R28 1,R28 1
,,,,,,,S40
,R27 0,S176,S29,,,S177,S31,S178,S179,S180,S181,S182,,,,,,,,S37,,,,S38,,,G173,,G174,G4,,G5,G6,G7,G8,G9,G10,G11,G175,G13,G14,G15,G16,G17,G18,G19,G20,G21,G22,G23,G24,G25,G26,G27
,,,S183
,,,S29,,,,,,,,,S66,,,,,,,,S37,,,,S38,,,,,,,,,,,,,,,G184,G13,G14,G15,G16,G17,G18,G19,G20,G21,G22,G23,G24,G25,G26,G27
,,,S29,,,,,,,,,S66,,,,,,,,S37,,,,S38,,,,,,,,,,,,,,,G185,G13,G14,G15,G16,G17,G18,G19,G20,G21,G22,G23,G24,G25,G26,G27
,,,S186
,,,,,,,S71
,,,,,,,S72
,,,,,,,R54 1,,,,,,S187,R54 1,R54 1,R54 1,R54 1,R54 1,R54 1,R54 1,R54 1,R54 1,R54 1
,,,,R40 4,,,,,,,,,,R40 4,S95
,,,,R41 4,,,,,,,,,S96,R41 4,R41 4
,,,,R42 4,,,,,,,,,R42 4,R42 4,R42 4,S97
,,,,R43 4,,,,,,,,,R43 4,R43 4,R43 4,R43 4,S98
,,,,R44 4,,,,,,,,,R44 4,R44 4,R44 4,R44 4,R44 4,S99
,,,,,,,,,,,,,,,S188
,,,,,,,,,,,,,S189
,,,,,,,,,,,,,S190
,,,S65,,,,,,,,,S66,S192,,,,,,,S67,,,,S38,,,,,,,,,,,,,,,,,,,,,G191,G60,G61,G62,G63,G64,G24,G25,G26,G27
,,,,R45 4,,,,,,,,,R45 4,R45 4,R45 4,R45 4,R45 4,R45 4,S100
,R33 5,R33 5,R33 5,,R33 5,R33 5,R33 5,R33 5,R33 5,R33 5,R33 5,R33 5,,,,,,,,R33 5,,,,R33 5,R33 5
,R27 0,S176,S29,,,S177,S31,S178,S179,S180,S181,S182,,,,,,,,S37,,,,S38,,,G193,,G174,G4,,G5,G6,G7,G8,G9,G10,G11,G175,G13,G14,G15,G16,G17,G18,G19,G20,G21,G22,G23,G24,G25,G26,G27
,,,,,,,R41 4,,,,,,S116,R41 4,R41 4,R41 4,R41 4,R41 4
,,,,,,,R42 4,,,,,,R42 4,R42 4,R42 4,S117,R42 4,R42 4
,,,,,,,R43 4,,,,,,R43 4,R43 4,R43 4,R43 4,S118,R43 4
,,,,,,,R44 4,,,,,,R44 4,R44 4,R44 4,R44 4,R44 4,S46
,R30 6,R30 6,R30 6,,R30 6,R30 6,R30 6,R30 6,R30 6,R30 6,R30 6,R30 6,,,,,,,,R30 6,,,,R30 6,R30 6
S166,,S28,S29,,,S30,S31,S32,S33,S34,S35,S36,,,,,,,,S37,,,,S38,,,,G194,G145,G4,,G5,G6,G7,G8,G9,G10,G11,G12,G13,G14,G15,G16,G17,G18,G19,G20,G21,G22,G23,G24,G25,G26,G27
,S195
,R27 0,S176,S29,,,S177,S31,S178,S179,S180,S181,S182,,,,,,,,S37,,,,S38,,,G39,,G174,G4,,G5,G6,G7,G8,G9,G10,G11,G175,G13,G14,G15,G16,G17,G18,G19,G20,G21,G22,G23,G24,G25,G26,G27
,,,,,,,S40
,,,S196
,,,S29,,,,,,,,,S66,,,,,,,,S37,,,,S38,,,,,,,,,,,,,,,G197,G13,G14,G15,G16,G17,G18,G19,G20,G21,G22,G23,G24,G25,G26,G27
,,,S29,,,,,,,,,S66,,,,,,,,S37,,,,S38,,,,,,,,,,,,,,,G198,G13,G14,G15,G16,G17,G18,G19,G20,G21,G22,G23,G24,G25,G26,G27
,,,S199
,,,,,,,S71
,,,,,,,S72
,,,,,,,R54 1,,,,,,S200,R54 1,R54 1,R54 1,R54 1,R54 1,R54 1,R54 1,R54 1,R54 1,R54 1
,,,S65,,,,,,,,,S66,,,,,,,,S67,,,,S38,,,,,,,,,,,,,,,G201,G54,G55,G56,G57,G58,G59,G60,G61,G62,G63,G64,G24,G25,G26,G27
,,,,,,,S106
,,,,,,,S107
,,,S65,,,,,,,,,S66,,,,,,,,S67,,,,S38,,,,,,,,,,,,,,,G202,G54,G55,G56,G57,G58,G59,G60,G61,G62,G63,G64,G24,G25,G26,G27
,,,S29,,,,,,,,,S66,,,,,,,,S37,,,,S38,,,,,,,,,,,,,,,G203,G13,G14,G15,G16,G17,G18,G19,G20,G21,G22,G23,G24,G25,G26,G27
,,,S65,,,,,,,,,S66,,,,,,,,S67,,,,S38,,,,,,,,,,,,,,,,,,G204,G129,G130,G131,G60,G61,G62,G63,G64,G24,G25,G26,G27
,,,S65,,,,,,,,,S66,,,,,,,,S67,,,,S38,,,,,,,,,,,,,,,,,,,G205,G130,G131,G60,G61,G62,G63,G64,G24,G25,G26,G27
,,,S65,,,,,,,,,S66,,,,,,,,S67,,,,S38,,,,,,,,,,,,,,,,,,,,G206,G131,G60,G61,G62,G63,G64,G24,G25,G26,G27
,,,,R44 3,,,,,,,,,R44 3,R44 3,R44 3,R44 3,R44 3,S99
,,,S65,,,,,,,,,S66,,,,,,,,S67,,,,S38,,,,,,,,,,,,,,,,,,,,,G207,G60,G61,G62,G63,G64,G24,G25,G26,G27
,S195
,R31 2,R31 2,R31 2,,R31 2,R31 2,R31 2,R31 2,R31 2,R31 2,R31 2,R31 2,,,,,,,,R31 2,,,,R31 2,R31 2
,R28 3,R28 3,R28 3,,R28 3,R28 3,R28 3,R28 3,R28 3,R28 3,R28 3,R28 3,,,,,,,,R28 3,,,,R28 3,R28 3
,,,S65,,,,,,,,,S66,,,,,,,,S67,,,,S38,,,,,,,,,,,,,,,G208,G54,G55,G56,G57,G58,G59,G60,G61,G62,G63,G64,G24,G25,G26,G27
,,,,,,,S106
,,,,,,,S107
,,,S65,,,,,,,,,S66,,,,,,,,S67,,,,S38,,,,,,,,,,,,,,,G209,G54,G55,G56,G57,G58,G59,G60,G61,G62,G63,G64,G24,G25,G26,G27
,,,S29,,,,,,,,,S66,,,,,,,,S37,,,,S38,,,,,,,,,,,,,,,G210,G13,G14,G15,G16,G17,G18,G19,G20,G21,G22,G23,G24,G25,G26,G27
,,,,S211
,,,,S212
,,,,,,,S138
,,,,R41 4,,,,,,,,,S161,R41 4,R41 4,R41 4,R41 4,R41 4
,,,,R42 4,,,,,,,,,R42 4,R42 4,R42 4,S162,R42 4,R42 4
,,,,R43 4,,,,,,,,,R43 4,R43 4,R43 4,R43 4,S163,R43 4
,,,,R44 4,,,,,,,,,R44 4,R44 4,R44 4,R44 4,R44 4,S99
,,,,S213
,,,,S214
,,,,,,,S138
S147,,S148,S29,,,S149,S31,S150,S151,S152,S153,S154,,,,,,,,S37,,,,S38,,,,G215,G145,G4,,G5,G6,G7,G8,G9,G10,G11,G146,G13,G14,G15,G16,G17,G18,G19,G20,G21,G22,G23,G24,G25,G26,G27
S147,,S148,S29,,,S149,S31,S150,S151,S152,S153,S154,,,,,,,,S37,,,,S38,,,,G165,G145,G4,,G5,G6,G7,G8,G9,G10,G11,G146,G13,G14,G15,G16,G17,G18,G19,G20,G21,G22,G23,G24,G25,G26,G27
S218,,S219,S29,,,S220,S31,S221,S222,S223,S224,S225,,,,,,,,S37,,,,S38,,,,G216,G145,G4,,G5,G6,G7,G8,G9,G10,G11,G217,G13,G14,G15,G16,G17,G18,G19,G20,G21,G22,G23,G24,G25,G26,G27
S226,,S176,S29,,,S177,S31,S178,S179,S180,S181,S182,,,,,,,,S37,,,,S38,,,,G165,G145,G4,,G5,G6,G7,G8,G9,G10,G11,G175,G13,G14,G15,G16,G17,G18,G19,G20,G21,G22,G23,G24,G25,G26,G27
,,R31 0,R31 0,,S227,R31 0,R31 0,R31 0,R31 0,R31 0,R31 0,R31 0,,,,,,,,R31 0,,,,R31 0,R31 0,,,,,,G171
,R31 0,R31 0,R31 0,,S228,R31 0,R31 0,R31 0,R31 0,R31 0,R31 0,R31 0,,,,,,,,R31 0,,,,R31 0,R31 0,,,,,,G171
,,,,,,,S40
,R27 0,S176,S29,,,S177,S31,S178,S179,S180,S181,S182,,,,,,,,S37,,,,S38,,,G229,,G174,G4,,G5,G6,G7,G8,G9,G10,G11,G175,G13,G14,G15,G16,G17,G18,G19,G20,G21,G22,G23,G24,G25,G26,G27
,,,S230
,,,S29,,,,,,,,,S66,,,,,,,,S37,,,,S38,,,,,,,,,,,,,,,G231,G13,G14,G15,G16,G17,G18,G19,G20,G21,G22,G23,G24,G25,G26,G27
,,,S29,,,,,,,,,S66,,,,,,,,S37,,,,S38,,,,,,,,,,,,,,,G232,G13,G14,G15,G16,G17,G18,G19,G20,G21,G22,G23,G24,G25,G26,G27
,,,S233
,,,,,,,S71
,,,,,,,S72
,,,,,,,R54 1,,,,,,S234,R54 1,R54 1,R54 1,R54 1,R54 1,R54 1,R54 1,R54 1,R54 1,R54 1
,R27 0,S176,S29,,,S177,S31,S178,S179,S180,S181,S182,,,,,,,,S37,,,,S38,,,G235,,G174,G4,,G5,G6,G7,G8,G9,G10,G11,G175,G13,G14,G15,G16,G17,G18,G19,G20,G21,G22,G23,G24,G25,G26,G27
S147,,S148,S29,,,S149,S31,S150,S151,S152,S153,S154,,,,,,,,S37,,,,S38,,,,G194,G145,G4,,G5,G6,G7,G8,G9,G10,G11,G146,G13,G14,G15,G16,G17,G18,G19,G20,G21,G22,G23,G24,G25,G26,G27
S226,,S176,S29,,,S177,S31,S178,S179,S180,S181,S182,,,,,,,,S37,,,,S38,,,,G194,G145,G4,,G5,G6,G7,G8,G9,G10,G11,G175,G13,G14,G15,G16,G17,G18,G19,G20,G21,G22,G23,G24,G25,G26,G27
,S195
,,,S65,,,,,,,,,S66,,,,,,,,S67,,,,S38,,,,,,,,,,,,,,,G236,G54,G55,G56,G57,G58,G59,G60,G61,G62,G63,G64,G24,G25,G26,G27
,,,,,,,S106
,,,,,,,S107
,,,S65,,,,,,,,,S66,,,,,,,,S67,,,,S38,,,,,,,,,,,,,,,G237,G54,G55,G56,G57,G58,G59,G60,G61,G62,G63,G64,G24,G25,G26,G27
,,,S29,,,,,,,,,S66,,,,,,,,S37,,,,S38,,,,,,,,,,,,,,,G238,G13,G14,G15,G16,G17,G18,G19,G20,G21,G22,G23,G24,G25,G26,G27
,S195
,,,,S239
,,,,S240
,,,,,,,S138
S218,,S219,S29,,,S220,S31,S221,S222,S223,S224,S225,,,,,,,,S37,,,,S38,,,,G241,G145,G4,,G5,G6,G7,G8,G9,G10,G11,G217,G13,G14,G15,G16,G17,G18,G19,G20,G21,G22,G23,G24,G25,G26,G27
S218,,S219,S29,,,S220,S31,S221,S222,S223,S224,S225,,,,,,,,S37,,,,S38,,,,G165,G145,G4,,G5,G6,G7,G8,G9,G10,G11,G217,G13,G14,G15,G16,G17,G18,G19,G20,G21,G22,G23,G24,G25,G26,G27
,R31 0,R31 0,R31 0,,S242,R31 0,R31 0,R31 0,R31 0,R31 0,R31 0,R31 0,,,,,,,,R31 0,,,,R31 0,R31 0,,,,,,G171
S218,,S219,S29,,,S220,S31,S221,S222,S223,S224,S225,,,,,,,,S37,,,,S38,,,,G194,G145,G4,,G5,G6,G7,G8,G9,G10,G11,G217,G13,G14,G15,G16,G17,G18,G19,G20,G21,G22,G23,G24,G25,G26,G27